I,3005
to,1403
you,1337
and,1130
the,1022
my,718
for,672
all,650
love,622
that,610
me,571
of,556
a,491
am,444
have,420
in,399
is,397
it,295
this,281
family,278
know,273
be,262
your,257
will,252
not,244
sorry,214
want,199
with,195
would,191
on,186
God,185
like,177
what,175
them,161
do,158
say,157
This,157
are,153
m,149
make,145
thank,144
was,142
Lord,136
just,135
You,134
last,132
there,131
statement,129
but,125
life,123
forgive,121
hope,120
going,120
Thank,109
did,108
as,108
we,108
Yes,107
offender,107
declined,107
can,106
people,106
see,104
To,102
been,100
one,99
peace,99
here,98
Warden,97
Jesus,97
don't,96
no,90
up,90
who,89
they,88
done,86
so,83
strong,81
And,80
ask,79
take,79
ready,78
ya'll,76
heart,74
at,73
tell,72
y,71
out,71
go,71
has,69
The,68
pain,67
or,67
her,67
give,66
everybody,64
from,64
us,63
get,63
had,63
he,63
death,62
find,61
man,61
friends,60
right,59
home,59
about,59
through,58
their,58
years,58
being,57
He,56
keep,55
come,55
care,55
Christ,54
pray,53
forgiveness,52
time,52
now,52
Father,52
We,52
got,51
That's,50
back,50
caused,49
always,49
because,49
by,48
if,48
too,47
any,47
never,46
other,45
ll,44
Tell,44
could,44
when,44
let,44
My,44
everything,43
over,43
didn't,43
innocent,43
those,43
much,42
stay,42
But,42
only,42
nothing,42
everyone,41
support,41
can't,41
sir,41
It,41
way,41
good,40
ve,40
apologize,40
these,40
loved,39
world,39
very,38
lot,38
an,37
how,37
some,36
day,36
If,35
still,34
bless,34
There,34
our,34
All,33
things,33
Please,32
it's,32
each,32
his,32
must,32
said,32
him,31
wish,31
that's,31
really,31
down,30
continue,30
Take,30
something,30
more,30
Mr,30
That,29
may,29
happened,28
tonight,28
thing,28
sister,28
anything,27
where,27
wrong,27
think,27
hurt,26
kill,26
They,26
were,26
Allah,26
It's,25
made,25
mother,25
Texas,25
Heaven,25
brothers,25
again,25
hate,25
spirit,25
feel,25
ever,25
For,25
today,25
please,24
brother,24
place,24
mercy,24
name,24
Mom,24
Keep,24
appreciate,24
son,24
murder,24
truly,24
need,24
help,24
truth,23
first,23
understand,23
better,23
ones,23
victim's,23
Give,23
row,23
every,23
she,23
put,23
wanted,23
guys,22
doing,22
sins,22
O,22
No,21
father,21
long,21
live,21
into,21
Don't,21
told,21
closure,21
believe,21
side,20
kids,20
best,20
move,20
John,20
against,20
justice,20
soul,20
K,20
First,19
else,19
bring,19
mom,19
die,19
gonna,19
Amen,19
look,19
Be,19
killing,19
free,19
Death,19
Thy,19
crime,19
Love,18
happy,18
hold,18
hearts,18
anyone,18
also,18
part,18
after,18
than,18
Irene,18
mean,18
killed,17
So,17
alright,17
sure,17
wife,17
witness,17
stop,17
change,17
many,17
words,17
coming,17
leave,17
As,17
thanks,17
off,16
Let,16
head,16
before,16
May,16
well,16
end,16
myself,16
person,16
heads,16
strength,16
talk,16
happening,16
real,16
beautiful,16
ah,16
What,15
won't,15
When,15
though,15
thought,15
Ms,15
Jack,15
anybody,15
should,15
suffering,15
shall,15
evil,15
Stay,15
gave,15
trial,15
forward,15
daughter,14
children,14
faith,14
hear,14
days,14
letter,14
little,14
friend,14
baby,14
waiting,14
great,14
forgiven,14
does,14
same,14
house,14
took,14
Row,14
call,14
brought,14
two,14
black,14
given,13
fight,13
asked,13
mad,13
power,13
system,13
even,13
heaven,13
reason,13
America,13
goes,13
point,13
without,13
forever,13
Mama,13
chance,13
Y,13
holy,13
lost,12
deserve,12
bad,12
why,12
Let's,12
together,12
then,12
fear,12
comfort,12
died,12
loving,12
Ya'll,11
Well,11
later,11
ahead,11
mine,11
execution,11
walk,11
goodbye,11
eyes,11
police,11
ago,11
She,11
forget,11
Goodbye,11
blessing,11
Holy,11
someone,11
saying,11
taking,11
standing,11
address,11
rest,11
lives,11
commit,11
lie,11
earth,11
work,11
happen,11
Just,11
lynching,11
praise,10
past,10
left,10
showed,10
cannot,10
State,10
guess,10
A,10
learn,10
knows,10
loves,10
Bye,10
Mrs,10
worry,10
came,10
yourself,10
His,10
show,10
court,10
mistake,10
Okay,10
kingdom,10
nobody,10
Do,10
remember,10
d,10
helped,10
which,10
face,10
few,10
Praise,10
shown,10
able,10
ndash,10
Mary,9
hard,9
carry,9
God's,9
prison,9
meant,9
sisters,9
Now,9
In,9
yall,9
parents,9
Thanks,9
ain't,9
another,9
gone,9
looking,9
Him,9
wasn't,9
around,9
cause,9
cry,9
human,9
brings,9
having,9
glory,9
country,9
yours,9
three,9
stand,9
someday,9
taken,9
knew,9
giving,9
yourselves,9
hands,9
hellip,9
supporters,8
Go,8
loss,8
went,8
body,8
soon,8
both,8
friendship,8
momma,8
shot,8
respect,8
Bless,8
away,8
One,8
Heavenly,8
dad,8
supported,8
wonderful,8
Remember,8
use,8
Kathy,8
Chaplain,8
promise,8
return,8
miss,8
art,8
Thou,8
behind,8
Our,8
fine,8
Dad,8
Donna,8
bitterness,8
called,8
James,8
toward,8
prayer,8
struggle,8
Written,8
evidence,8
extend,8
OK,7
putting,7
night,7
sentence,7
case,7
attorneys,7
happiness,7
mistakes,7
officers,7
innocence,7
trying,7
you're,7
ya,7
Momma,7
Michael,7
Son,7
victims,7
kind,7
Not,7
dearly,7
sleep,7
whole,7
Even,7
honor,7
Life,7
Mexico,7
paid,7
big,7
precious,7
let's,7
lawyers,7
accept,7
doesn't,7
prove,7
next,7
Bobby,7
situation,7
thy,7
society,7
somebody,7
finished,7
Forgive,7
families,7
penalty,7
matter,7
Almighty,7
touch,7
anger,7
angry,7
men,7
David,7
upon,7
Because,7
supporting,7
Spanish,7
grief,7
sake,7
saved,7
committed,7
state,7
confess,7
merciful,7
marching,7
nice,6
makes,6
See,6
means,6
Yeah,6
meet,6
ride,6
fixing,6
save,6
fighting,6
Tonight,6
stuff,6
wrote,6
hurting,6
lay,6
yet,6
raised,6
Your,6
proud,6
American,6
supposed,6
watching,6
crying,6
dying,6
changed,6
send,6
members,6
beside,6
times,6
law,6
Look,6
watch,6
unto,6
enemies,6
used,6
actions,6
couldn't,6
praying,6
deliver,6
Polunsky,6
gun,6
defense,6
telling,6
King,6
boy,6
okay,6
sorrow,6
guilty,6
none,6
responsibility,6
mind,6
remorse,6
reach,6
such,6
needs,6
executed,6
future,6
own,6
glad,6
present,6
blessed,6
follow,6
dead,6
grace,6
witnesses,6
Today,6
freedom,6
Oh,6
convicted,6
opportunity,6
Walsh,6
special,6
sin,6
moment,6
forgotten,6
There's,6
Boswell,6
ways,6
unintelligible,6
1,5
10,5
Thomas,5
prayers,5
stood,5
At,5
prayed,5
From,5
listen,5
English,5
daughters,5
probably,5
sad,5
murdering,5
keeping,5
church,5
helping,5
Can,5
girl,5
isn't,5
Continue,5
involved,5
already,5
final,5
full,5
blame,5
asking,5
attorney,5
DNA,5
locked,5
start,5
showing,5
gain,5
Sorry,5
wake,5
drug,5
bye,5
bear,5
forced,5
try,5
green,5
leadeth,5
waters,5
presence,5
beat,5
child,5
Danny,5
daily,5
bread,5
lead,5
temptation,5
job,5
living,5
cases,5
tried,5
self,5
lied,5
talking,5
salvation,5
stopped,5
true,5
realize,5
seek,5
Alright,5
others,5
takes,5
hatred,5
responsible,5
Chris,5
light,5
West,5
wall,5
spiritual,5
folks,5
Like,5
tragedy,5
media,5
record,5
moratorium,5
happens,5
Officer,5
we're,5
public,5
press,5
3,4
5,4
whatever,4
Statement,4
By,4
names,4
None,4
proceed,4
towards,4
cousins,4
helps,4
beyond,4
alone,4
until,4
between,4
found,4
trouble,4
careful,4
once,4
Laura,4
cold,4
Cox,4
Ready,4
sinner,4
miracle,4
turned,4
T,4
you've,4
taste,4
Hallelujah,4
born,4
surely,4
road,4
pay,4
enough,4
throughout,4
journey,4
Robert,4
Gary,4
Hey,4
thinking,4
testimony,4
belong,4
suffer,4
Whiteside,4
pastures,4
paths,4
Yea,4
valley,4
shadow,4
thou,4
preparest,4
table,4
oil,4
cup,4
runneth,4
tears,4
Carlos,4
injustice,4
veins,4
allow,4
dog,4
Ain't,4
shine,4
Peace,4
Sylvia,4
nor,4
disappointed,4
upset,4
Daddy,4
Wilcox,4
dungeon,4
says,4
Penalty,4
began,4
singing,4
Those,4
Gomez,4
Veronica,4
nephews,4
lived,4
under,4
Paul,4
Adams,4
act,4
turn,4
Everything,4
worth,4
Savior,4
receive,4
Uncle,4
phone,4
spoke,4
received,4
needed,4
animosity,4
Joe,4
getting,4
nieces,4
met,4
charge,4
Court,4
Sister,4
bury,4
video,4
gives,4
while,4
gets,4
smile,4
Make,4
short,4
forgives,4
goodness,4
dwell,4
minutes,4
Unit,4
roll,4
victim,4
known,4
Mike,4
due,4
Get,4
rights,4
gotta,4
shoot,4
personal,4
Richard,4
victory,4
Rosalyn,4
fact,4
deal,4
suffered,4
officer,4
heard,4
car,4
Dear,4
Hell,4
Romans,4
regret,4
sooner,4
Eardmann,4
cross,4
With,4
divine,4
prophet,4
em,4
express,4
liberation,4
necessary,4
genocide,4
especially,4
wait,4
Ah,4
Price,4
Gene,4
Pinkerton,4
2,3
11,3
16,3
24,3
100,3
might,3
choices,3
Steve,3
Jones,3
different,3
California,3
transition,3
written,3
pass,3
fought,3
new,3
revenge,3
letting,3
behalf,3
family's,3
Never,3
young,3
guilt,3
win,3
You're,3
pop,3
C,3
Carl,3
Barbara,3
Ok,3
Did,3
seeing,3
close,3
spent,3
touched,3
lady,3
Susan,3
hero,3
angel,3
oh,3
Hart,3
Kim,3
leaving,3
Linda,3
Brad,3
grateful,3
Are,3
Only,3
Justice,3
completely,3
trigger,3
damn,3
type,3
accepted,3
humanity,3
forgiving,3
open,3
satisfaction,3
trust,3
Scott,3
heartache,3
suicide,3
set,3
uh,3
Williams,3
beginning,3
Alba,3
kindness,3
there's,3
feels,3
gladly,3
mourn,3
grave,3
poor,3
Jenny,3
Dell,3
fall,3
maketh,3
restoreth,3
anointest,3
Jackson,3
lies,3
Hold,3
tight,3
Reverend,3
ba,3
bump,3
On,3
trespasses,3
trespass,3
thine,3
courts,3
hand,3
Why,3
solace,3
within,3
lift,3
demand,3
Um,3
book,3
talked,3
money,3
truck,3
bed,3
Sir,3
Robin,3
Earth,3
fair,3
bringing,3
kept,3
Al,3
murdered,3
warrior,3
Christian,3
ran,3
high,3
Michelle,3
husband,3
breath,3
apology,3
hurts,3
since,3
Know,3
arms,3
joy,3
Doreen,3
joke,3
Maria,3
grandmother,3
Supreme,3
Randy,3
Doug,3
broke,3
facts,3
bitter,3
staff,3
chapter,3
saw,3
We're,3
accident,3
Debbie,3
Ray,3
fire,3
laws,3
brief,3
allowed,3
Leo,3
speak,3
hour,3
several,3
name's,3
Surely,3
sky,3
Tom,3
poem,3
anyway,3
Pam,3
Mother,3
deep,3
saving,3
blood,3
comes,3
Anthony,3
alive,3
Grace,3
treat,3
capital,3
profanity,3
become,3
clear,3
Connie,3
blessings,3
Rebecca,3
thankful,3
experience,3
Lopez,3
sons,3
greatest,3
gift,3
Shepherd,3
Everybody,3
problems,3
problem,3
saddened,3
protect,3
eye,3
D,3
process,3
file,3
thats,3
easy,3
faithful,3
important,3
seem,3
fired,3
Morgan,3
worked,3
Who,3
sinners,3
Mc,3
second,3
what's,3
wrongs,3
started,3
Dow,3
although,3
hoping,3
lawyer,3
counts,3
People,3
suit,3
Clayton,3
bottom,3
appeals,3
ass,3
least,3
Mitchell,3
himself,3
line,3
making,3
deeply,3
answers,3
word,3
feelings,3
They've,3
sometime,3
Trinity,3
te,3
killer,3
promises,3
provided,3
aunt,3
race,3
nation,3
along,3
hunting,3
Lambert,3
executions,3
avenged,3
tapes,3
revolution,3
March,3
message,3
Nothing,3
TDCJ,3
inmates,3
population,3
altered,3
records,3
wants,3
Johnson,3
Robinson,3
Ros,3
incident,3
voice,3
prosecutor,3
mighty,3
deceased,3
judgment,3
returns,3
itself,3
Islam,3
blooded,3
hollered,3
equal,3
6,2
7,2
8,2
13,2
14,2
19,2
25,2
30,2
1991,2
meeting,2
Christina,2
Last,2
nephew,2
huh,2
join,2
Hi,2
Family,2
Carol,2
Daniel,2
disappointment,2
warden,2
changes,2
Donovan,2
overcome,2
outrage,2
Renee,2
New,2
Pope,2
Francis,2
path,2
Much,2
afforded,2
letters,2
wishes,2
Especially,2
Moreno,2
unconditional,2
Teresa,2
Joanna,2
till,2
school,2
sign,2
despite,2
Hernandez,2
lots,2
fullest,2
babies,2
daddy,2
Louis,2
Brenda,2
Some,2
read,2
stuck,2
bunch,2
hearted,2
half,2
Over,2
learned,2
parent,2
dear,2
they're,2
cruel,2
Maurie,2
hardest,2
Dwight,2
Rangers,2
hug,2
Murder,2
dope,2
dealer,2
Bill,2
swear,2
courtesy,2
almighty,2
throne,2
Marcus,2
Rhodes,2
gurney,2
seconds,2
total,2
Hate,2
loud,2
deserved,2
Viva,2
carrying,2
mass,2
frustration,2
gates,2
worries,2
Here,2
inside,2
wages,2
emotions,2
Since,2
atrocity,2
Pastor,2
Sabrina,2
Amy,2
grandchildren,2
grew,2
Bob,2
sometimes,2
bro,2
harder,2
infinite,2
we've,2
memories,2
Stefanie,2
celebrate,2
Cori,2
princess,2
dishonor,2
criminal,2
decision,2
understanding,2
wanting,2
monster,2
test,2
drugs,2
Back,2
decisions,2
Danielle,2
grant,2
Dixie,2
Jennie,2
reality,2
hugs,2
paying,2
shepherd,2
shed,2
solve,2
queen,2
pump,2
Fight,2
fo,2
courtroom,2
Amber,2
pull,2
Ronnie,2
Harris,2
Tim,2
Dan,2
Synnova,2
Rodney,2
fellowship,2
correctly,2
Roxanne,2
Hallowed,2
Name,2
execute,2
punish,2
neither,2
remorseful,2
hello,2
compared,2
filled,2
pleasure,2
US,2
civilized,2
voices,2
rose,2
Aunt,2
Is,2
error,2
Sandy,2
violent,2
break,2
awake,2
Capital,2
After,2
official,2
ministry,2
Chantal,2
hallowed,2
unjust,2
denied,2
Most,2
importantly,2
granted,2
Harold,2
Hello,2
story,2
involvement,2
Vick,2
Adam,2
bedroom,2
late,2
owed,2
Before,2
empty,2
teaching,2
Taylor,2
Kevin,2
offer,2
judge,2
walked,2
punishment,2
horrible,2
affected,2
Kyle,2
whom,2
August,2
Dawn,2
Hewitt,2
forgave,2
agree,2
shalt,2
government,2
ill,2
fellows,2
pen,2
Shed,2
destiny,2
Melyssa,2
biggest,2
Bryan,2
Come,2
losing,2
Uh,2
jury,2
Judge,2
conviction,2
answer,2
Nancy,2
poison,2
easier,2
Yolanda,2
woman,2
cover,2
somewhere,2
Ernest,2
Jennifer,2
Bear,2
relief,2
across,2
County,2
stupidity,2
newspaper,2
Sara,2
fault,2
foremost,2
correct,2
wronged,2
punished,2
nine,2
Dianne,2
Virginia,2
Betty,2
Judy,2
worst,2
devil,2
allowing,2
patience,2
play,2
whether,2
Megan,2
hang,2
Anne,2
front,2
sides,2
lose,2
Watch,2
Celina,2
possible,2
Man,2
thoughts,2
flesh,2
girls,2
Into,2
Guido,2
totally,2
surrender,2
Ashlee,2
Corey,2
Brent,2
Couple,2
rock,2
beg,2
Allison,2
Sheila,2
seven,2
Andy,2
Ann,2
Rusty,2
Sonny,2
destroyed,2
all's,2
kin,2
omitted,2
works,2
dust,2
Tommy,2
Martin,2
robbery,2
Davis,2
charged,2
shooting,2
single,2
physical,2
unknown,2
Rosalyn's,2
sticking,2
cherish,2
Without,2
Dr,2
leads,2
righteousness,2
rod,2
Don,2
gotten,2
remind,2
instead,2
community,2
Texans,2
uphold,2
instances,2
victorious,2
ALLAH,2
s,2
represent,2
Unites,2
States,2
officials,2
its,2
fixed,2
System,2
Ellis,2
fix,2
NOT,2
speaking,2
grudges,2
amp,2
Kenney,2
Arnott,2
hollow,2
hospitality,2
Jane,2
run,2
Three,2
confessed,2
bullet,2
North,2
shots,2
hell,2
Clay,2
acted,2
control,2
possibly,2
months,2
Houston,2
expressed,2
chief,2
paradise,2
ground,2
respected,2
placed,2
eternal,2
everlasting,2
invite,2
funeral,2
sweet,2
haven't,2
personally,2
stone,2
murders,2
longer,2
physically,2
begin,2
ideals,2
parties,2
who's,2
compromise,2
fell,2
sincere,2
Roger,2
unit,2
you'll,2
Chief,2
Neal,2
seat,2
Nov,2
old,2
endure,2
Sherrod,2
lying,2
article,2
actually,2
testify,2
admit,2
Thats,2
fabricated,2
becomes,2
explain,2
smiling,2
malice,2
arrival,2
disappoint,2
stronger,2
sent,2
Charles,2
executing,2
Pat,2
Help,2
particular,2
sincerely,2
knowledge,2
understood,2
Lord's,2
maybe,2
Sean,2
needle,2
numbers,2
endured,2
Ask,2
mumbling,2
matters,2
desire,2
Stop,2
violence,2
clean,2
unfortunate,2
imagine,2
remains,2
Brother,2
closer,2
Isn't,2
streets,2
Dios,2
mi,2
command,2
Irish,2
Right,2
quiero,2
inflicted,2
greater,2
remain,2
during,2
whose,2
moments,2
Sharon,2
racist,2
white,2
kiss,2
father's,2
finite,2
Islamic,2
surgery,2
whoever,2
they'll,2
unity,2
leaders,2
prevail,2
dignity,2
moving,2
Bianca,2
Shaka,2
Sankofa,2
Graham,2
presented,2
international,2
Mohammed,2
exposed,2
Mandela,2
refuse,2
revolutionary,2
order,2
African,2
united,2
assured,2
sanctioned,2
less,2
view,2
District,2
office,2
Attorney,2
filed,2
doubt,2
arguments,2
falsified,2
Mason,2
laugh,2
he's,2
Graves,2
Cause,2
behold,2
example,2
fail,2
um,2
memorize,2
beatitudes,2
pretty,2
including,2
asleep,2
Webb,2
sending,2
doctor,2
form,2
fashion,2
serious,2
difference,2
faking,2
fake,2
You've,2
resolved,2
ashamed,2
places,2
Hawthorn,2
eyed,2
booger,2
song,2
Persons,2
misery,2
Adios,2
remunerator,2
affording,2
sided,2
rejoice,2
owe,2
compassion,2
teenagers,2
Mumbled,2
treated,2
Mexican,2
policeman,2
kills,2
beings,2
offended,2
9,1
12,1
15,1
18,1
20,1
23,1
31,1
35,1
36,1
39,1
75,1
79,1
83,1
85,1
99,1
180,1
1983,1
1993,1
2003,1
2008,1
Sandra,1
burns,1
soldier,1
Ten,1
Toes,1
Jean,1
bothering,1
Charlie,1
certain,1
positive,1
Above,1
Marissa,1
intend,1
sentiment,1
Sending,1
Shelby,1
aunts,1
uncles,1
York,1
switch,1
refused,1
Wesley,1
Ruiz,1
aka,1
Slope,1
grandbabies,1
quarter,1
century,1
unwavering,1
held,1
simply,1
extended,1
Police,1
Officers,1
Rocky,1
happended,1
fast,1
Steinfeldt,1
indignity,1
defeats,1
Pampering,1
obscure,1
merit,1
endings,1
beginnings,1
sadness,1
mindful,1
boss,1
Young,1
Ramiro,1
Live,1
clown,1
plan,1
Hang,1
Cowboy,1
Put,1
boys,1
Tracy,1
Terella,1
babe,1
Celeste,1
Cort,1
Allen,1
Anna,1
Jason,1
dad's,1
noticed,1
couple,1
sat,1
cell,1
wondering,1
grandson,1
Another,1
welcome,1
Hope,1
Grandbabies,1
wings,1
homesick,1
maker,1
awe,1
Billy,1
Eloise,1
Bohannon,1
Peg,1
saint,1
Rich,1
Sheri,1
Got,1
Cowboys,1
ball,1
Leary,1
Guy,1
Fernandez,1
finish,1
Aubrey,1
Hawkins,1
Cheri,1
Katherine,1
stings,1
Jung,1
Arthur,1
Emmanuel,1
Joseph,1
above,1
president,1
performing,1
Salvation,1
invoke,1
Yahweh,1
strapped,1
Tali,1
Somebody,1
screwed,1
Pull,1
Israel,1
causes,1
lifetime,1
Director,1
Hazelwood,1
Spark,1
Conna,1
Goodnight,1
representing,1
failed,1
miscarriage,1
slaughter,1
Melanie,1
doctors,1
peoples,1
knock,1
Noel,1
thick,1
thin,1
Brigitta,1
Tracey,1
Nicole,1
Wanda,1
appointed,1
Check,1
check,1
committing,1
youngster,1
Coming,1
pillar,1
faults,1
imperfections,1
counseling,1
guiding,1
Forest,1
Hall,1
enlightenment,1
Wendy's,1
Eric,1
Jr,1
Hector,1
Jake,1
Mia,1
Papa,1
starting,1
Victor,1
bros,1
Deena,1
Adela,1
Mijta,1
Juana,1
Taking,1
repay,1
affecting,1
Adonya,1
Myself,1
Galloway,1
tomorrow,1
torn,1
thousand,1
require,1
monkey,1
Samantha,1
rip,1
tore,1
results,1
messed,1
rapes,1
alcoholic,1
peanut,1
creating,1
shoe,1
Lopes,1
lesson,1
affect,1
Shay,1
listening,1
enjoyed,1
hef,1
powerful,1
thee,1
Gaylene,1
Talk,1
Smile,1
Salaam,1
Alaikum,1
forgiver,1
Kate,1
gang,1
member,1
price,1
excuses,1
extending,1
mama,1
Collins,1
warmest,1
Pa,1
Kristy,1
Khristopher,1
Tony,1
guides,1
lls,1
plenty,1
Dre,1
Yaws,1
Junie,1
lethal,1
Veterinary,1
Association,1
dogs,1
worse,1
Joseph's,1
unable,1
respond,1
Can't,1
Wynona,1
Spade,1
Segal,1
Kay,1
Chicken,1
Pork,1
Chops,1
fellas,1
Fleetwood,1
golden,1
Chelsea,1
Johnny,1
Tito,1
Roseanne,1
Melissa,1
Dyson,1
Herrington,1
played,1
dealt,1
Community,1
existing,1
isolated,1
suppressed,1
minds,1
affection,1
resident,1
ache,1
walls,1
darkness,1
crushed,1
meaning,1
purpose,1
unforgivesness,1
Pastors,1
Christians,1
terrifying,1
Does,1
pit,1
hopelessness,1
terrfying,1
enable,1
Helen,1
Luise,1
mic,1
Saying,1
Mija,1
Sis,1
Cynthia,1
Abel,1
Evelyn,1
Armando,1
Delia,1
Veronica's,1
leg,1
investigators,1
convict,1
hair,1
herb,1
closet,1
Her,1
asthma,1
lent,1
Me,1
hot,1
invited,1
shirt,1
Josh,1
Cassandra,1
Nell,1
Kaye,1
Saint,1
Gabriel's,1
Church,1
ended,1
Zena,1
tresspasses,1
Donahue,1
Frank,1
Hollbrook,1
purposely,1
Walter,1
E,1
Reeves,1
claims,1
exist,1
Hurley,1
suppose,1
agreeing,1
Jess,1
Chong,1
Carrier,1
Gerard,1
step,1
Kaneisha,1
Ieisha,1
Flake,1
Iam,1
confusion,1
Christianity,1
tact,1
deals,1
sold,1
polygraph,1
passed,1
volunteered,1
street,1
driver,1
CDL,1
active,1
yard,1
picked,1
career,1
jonesin,1
Dallas,1
bathroom,1
attacked,1
deaf,1
ear,1
V,1
aid,1
cut,1
throat,1
stabbed,1
hit,1
favor,1
pulled,1
downtown,1
Two,1
famly,1
seen,1
videotape,1
heals,1
Standing,1
god,1
awesome,1
incarcerated,1
kitten,1
Angela,1
Christine,1
prize,1
Ford,1
quiet,1
remembering,1
gained,1
Sanchez,1
Hawkings,1
Shout,1
sing,1
Edgardo,1
Receive,1
harbor,1
Blessed,1
comforted,1
heal,1
terms,1
Kjersti,1
Roland,1
Falicia,1
Prechtl,1
continued,1
terribly,1
interviews,1
choke,1
terrible,1
felt,1
December,1
embraced,1
lovel,1
Angel,1
Ronni,1
Dawson,1
hours,1
knees,1
Bible,1
obey,1
seeking,1
Chiquita,1
Freedom,1
Same,1
Could,1
What's,1
Stephanie,1
Felicia,1
broken,1
Prophet,1
Mohammad,1
Unto,1
Carrie,1
regards,1
eternity,1
Lee,1
Hines,1
Woods,1
Cleve,1
Foster,1
Patrick,1
Knight,1
contact,1
Jefe,1
Grandfather,1
Surace,1
pauses,1
Howdy,1
Trial,1
Prosecutor,1
cheated,1
CCA,1
Federal,1
5th,1
Circuit,1
Maker,1
healing,1
overseas,1
Doris,1
where's,1
stunt,1
double,1
savior,1
Ward,1
investigator,1
Michigan,1
Debra,1
wedding,1
Greer,1
Sammie,1
Vincent,1
vein,1
needles,1
Doctor's,1
Office,1
wearing,1
diaper,1
aside,1
cemetery,1
Bury,1
Schaeffer,1
judges,1
overplayed,1
Marcy,1
Profanity,1
directed,1
Christopher,1
Ochente,1
dancing,1
sis,1
diamonds,1
priceless,1
Eve,1
Each,1
Saddam,1
Gomorrah,1
immaturity,1
disrespect,1
Gus,1
Quit,1
heroin,1
methadone,1
Devin,1
Walt,1
Amanda,1
Cathy,1
praises,1
Garza,1
Disrespect,1
Mommy,1
calmness,1
Mario's,1
Jermaine,1
cancellation,1
commend,1
Baby,1
professed,1
Bruno,1
Chuckie,1
Juanita,1
Toby,1
Wright,1
Kick,1
tires,1
trooper,1
Damien's,1
Damien,1
Audrey's,1
regretted,1
remembers,1
Tammy,1
ups,1
Aleda,1
rule,1
deceive,1
straight,1
fingers,1
describe,1
sincerity,1
inflict,1
safe,1
prays,1
Where,1
Jerry,1
Nutt,1
Honey,1
Gabrielle,1
Uhl,1
Germany,1
countless,1
course,1
Nadia,1
Amenia,1
Kira,1
Noemi,1
efforts,1
Peter,1
Lorrell,1
Carolyn,1
Barker,1
Tina,1
Amy's,1
kinda,1
settle,1
Charlotte,1
Brandon,1
Darling,1
Kerstin,1
Many,1
consequences,1
Mistakes,1
reprieve,1
hinder,1
listed,1
nervous,1
Sometimes,1
track,1
Beth,1
betrayed,1
righeousness,1
unjustly,1
amended,1
01,1
09,1
06,1
misled,1
grass,1
Ailsa,1
eight,1
Edie,1
Carma,1
Margherita,1
Angelo,1
Justin,1
grand,1
Pammy,1
Shy,1
Town,1
Crazy,1
Jay,1
hanging,1
popsicle,1
speakers,1
feet,1
headphones,1
worthy,1
shedding,1
Calvary,1
trespassed,1
tired,1
stops,1
prosecutors,1
catacombs,1
belongs,1
shackles,1
chains,1
otherwise,1
Misty,1
Annette,1
Earline,1
Set,1
overcame,1
Jessica,1
Lorna,1
running,1
Andre,1
potential,1
theirs,1
memory,1
Carla,1
Fran,1
headed,1
Blackie,1
Buster,1
Milo,1
commence,1
Sullivan,1
Hayden,1
intention,1
claimed,1
member's,1
shouldn't,1
Void,1
hopefully,1
Brian's,1
Shane,1
finds,1
moon,1
Gray,1
Brandy,1
pact,1
Cindy,1
Vicente,1
Steal,1
undertaker,1
Murderer,1
Portion,1
dealing,1
Bounce,1
persecuted,1
Gabby,1
Remaining,1
portion,1
Perkins,1
Kinslow,1
younger,1
Eastham,1
Jamie,1
Kent,1
dozen,1
Cullen,1
Nanny,1
Bea,1
Gilbert,1
Ayers,1
blesses,1
celebrating,1
celebration,1
Through,1
angelic,1
Todeschini,1
Mary's,1
genuinely,1
excuse,1
arresting,1
CPR,1
Chaplains,1
Ken,1
Katrina,1
Probably,1
calmed,1
Big,1
yellow,1
serve,1
Franciscan,1
Nuns,1
England,1
Tannie,1
Blackwell,1
Paulette,1
Kindom's,1
shore,1
softly,1
gently,1
restores,1
Word,1
Way,1
Truth,1
choosing,1
overlooks,1
anymore,1
quit,1
worrying,1
solitary,1
Varghese,1
Holder,1
enjoied,1
alot,1
denial,1
incarceration,1
everytime,1
arrested,1
believed,1
destroying,1
hide,1
breed,1
crooked,1
KILLING,1
IS,1
ALRIGHT,1
TO,1
DO,1
AS,1
LONG,1
IT'S,1
FOR,1
JUSTICE,1
OF,1
THE,1
AMERICAN,1
PEOPLE,1
detes,1
occasion's,1
ect,1
heros,1
GOD,1
Nam,1
myoho,1
renge,1
kyo,1
Salaamu,1
Bro,1
Reehcer,1
Ali,1
Smaillii,1
Muhammd,1
formely,1
Earl,1
Head,1
III,1
qualified,1
dismiss,1
appeal,1
missing,1
filing,1
deadline,1
failing,1
documents,1
client,1
Due,1
Process,1
Law,1
guaranteed,1
Constitution,1
confidence,1
unfair,1
clemency,1
reviewed,1
politicians,1
Elliot,1
Nashtat,1
Dutton,1
Nicholas,1
Dolatschko,1
Bilodeau,1
Charlton,1
deter,1
Its,1
French,1
Lundy,1
Levi,1
Thompson,1
Cutler,1
burn,1
candle,1
cheap,1
Their,1
devastated,1
grown,1
meal,1
bit,1
guidance,1
tests,1
matched,1
third,1
request,1
report,1
patterns,1
East,1
laid,1
Larry,1
Ashworth,1
Fort,1
Worth,1
molest,1
kid,1
crimes,1
acts,1
Gaines,1
fabrication,1
unprovoked,1
reflex,1
jurors,1
injury,1
beating,1
crack,1
five,1
earlier,1
Chronicle,1
mayor,1
DEA,1
informant,1
became,1
reacted,1
Offender,1
mid,1
solid,1
Reed,1
Chad,1
reserve,1
parole,1
sinned,1
While,1
mouth,1
begotten,1
whosoever,1
believeth,1
wrath,1
verse,1
jumped,1
Psalm,1
speaks,1
holiness,1
vengeance,1
deeds,1
Bakers,1
Bo,1
Simmons,1
Ollie,1
Gigi,1
unite,1
Deidra,1
Claudia,1
building,1
Cadena,1
temporary,1
stepping,1
demonstrate,1
crazy,1
Long,1
Raise,1
flag,1
yes,1
Dougal,1
exonerated,1
Tolson,1
Rebecca's,1
Send,1
anointeth,1
House,1
Peters,1
heinous,1
senseless,1
restraints,1
shout,1
idle,1
threats,1
Understand,1
shameful,1
dispose,1
participating,1
scream,1
resounding,1
Luttig,1
chances,1
conflict,1
SIDES,1
proceeding,1
difficult,1
clash,1
peaceful,1
misguided,1
recovered,1
undo,1
mess,1
aren't,1
willing,1
wins,1
walks,1
Peterson's,1
Crouch,1
Chiara,1
Fred,1
Rachel,1
Oralia,1
Corpus,1
Christi,1
Caller,1
Times,1
wouldn't,1
Sarah,1
Grandma,1
Spirit,1
o,1
k,1
Until,1
destruct,1
dwells,1
advisor,1
Brien,1
Guajardo,1
Orlando,1
Celia,1
wrongfully,1
Watkins,1
10th,1
Street,1
false,1
confession,1
admitted,1
dealers,1
east,1
shut,1
island,1
Barbados,1
share,1
Than,1
II,1
Timothy,1
tells,1
DID,1
instill,1
sound,1
desperately,1
search,1
conscience,1
truthfully,1
determined,1
specific,1
conclusion,1
damned,1
age,1
Modina,1
Holmes,1
planting,1
cigarette,1
butt,1
knives,1
Helgren,1
packed,1
trunk,1
cab,1
photo,1
shows,1
Club,1
Brothers,1
alike,1
Wes,1
chump,1
dirty,1
shield,1
AKA,1
Daffy,1
Duck,1
soiling,1
reputation,1
dreamed,1
U,1
Nrestrained,1
Farren,1
slick,1
Globe,1
printed,1
27th,1
testified,1
diarmed,1
rendered,1
defenseless,1
wonder,1
justify,1
sequence,1
walking,1
deception,1
related,1
truely,1
cried,1
deliberately,1
premeditation,1
spun,1
fantasy,1
motives,1
sets,1
professionalism,1
Scooter,1
beer,1
party,1
Wet,1
Willy,1
Boocub,1
Diana,1
Sanchez's,1
fro,1
facetious,1
yields,1
Begins,1
Amazing,1
We'll,1
vocabulary,1
everywhere,1
Teach,1
Neckbone,1
sheet,1
writing,1
Write,1
hun,1
weigh,1
pounds,1
Becca,1
Thirteen,1
fourteen,1
non,1
caring,1
attitude,1
Politicians,1
Ursula,1
Manon,1
warm,1
pepper,1
gas,1
Call,1
Humphrey,1
intended,1
Danalyn,1
Owen,1
weren't,1
Have,1
knowing,1
diligence,1
Someday,1
hurry,1
recites,1
Prayer,1
Where's,1
Marino's,1
guided,1
Marsha,1
mansion,1
promised,1
almost,1
safer,1
ending,1
dude,1
Shorty,1
shower,1
Calling,1
Lubbock,1
Travis,1
Ware,1
burden,1
felonies,1
invested,1
June,1
magnificent,1
travesties,1
repentant,1
approach,1
glorious,1
event,1
Approach,1
waste,1
arguing,1
bickering,1
embrace,1
nectar,1
wishing,1
tree,1
tongues,1
Mankind,1
tribe,1
grumah,1
poet,1
separation,1
minister,1
nourish,1
minimum,1
maximum,1
security,1
fathers,1
mothers,1
intentionally,1
knowingly,1
harm,1
didmau,1
Vietnamese,1
debts,1
imagined,1
slate,1
wiped,1
marked,1
erased,1
Glory,1
individually,1
River,1
Anderson,1
visits,1
Granny,1
dance,1
gold,1
cast,1
Gracie,1
Tiffany,1
lovely,1
moral,1
rush,1
Slayton,1
mandas,1
contigo,1
espiritu,1
Alabamos,1
todos,1
Cuida,1
familia,1
translating,1
St,1
shineth,1
foundations,1
cleanse,1
unrighteousness,1
hey,1
Santajaib,1
Singh,1
Ji,1
Maggie,1
actively,1
Protect,1
mumbled,1
thier,1
Ricky,1
Melodee,1
mucho,1
Consulado,1
decir,1
muchas,1
gracias,1
por,1
todo,1
woman's,1
Koslow,1
opened,1
softened,1
taught,1
added,1
graciously,1
hi,1
relatives,1
greatly,1
winthin,1
departure,1
plane,1
judgement,1
lack,1
attorney's,1
souls,1
Bryant,1
slumber,1
Wilson,1
hired,1
Kelly,1
Elizabeth,1
twelve,1
themselves,1
infamous,1
famous,1
legendary,1
Matt,1
Turner,1
universe,1
protection,1
era,1
These,1
masters,1
temple,1
honored,1
assigned,1
strange,1
governs,1
events,1
religion,1
South,1
Central,1
Unintelligible,1
ancient,1
forefathers,1
believes,1
chooses,1
Again,1
revealed,1
Extend,1
Dorothy,1
Tomas,1
following,1
performed,1
four,1
we'll,1
Shannon,1
pictures,1
caught,1
witnessed,1
Ironic,1
Dana,1
overwhelming,1
compelling,1
anywhere,1
rallied,1
Lambert's,1
pursuing,1
outlaw,1
legal,1
systematic,1
recognize,1
Malcom,1
X,1
Luther,1
condition,1
tradition,1
period,1
resistance,1
loose,1
battle,1
war,1
avenge,1
courage,1
protested,1
Slavery,1
south,1
properly,1
beatings,1
brutality,1
closed,1
doors,1
barbarity,1
Minister,1
Ashanti,1
Chimurenga,1
string,1
Believe,1
Winnie,1
Nelson,1
Sharpton,1
Jagger,1
Jesse,1
protest,1
liberate,1
Maintain,1
Victory,1
Preach,1
Push,1
pure,1
simple,1
acknowledge,1
publicly,1
faced,1
endeavor,1
solidarity,1
sort,1
Terrell,1
Walls,1
respectful,1
realizing,1
inmate,1
timers,1
Gods,1
Selso,1
Nuncio,1
gong,1
visit,1
drove,1
Lester,1
Byers,1
Black,1
Rosales,1
Rock,1
Raiders,1
mumbles,1
Mo,1
B,1
Skains,1
Attorney's,1
General's,1
Sputnick,1
sell,1
conspiracy,1
hearing,1
paper,1
rebut,1
contradict,1
guy,1
illegally,1
sister's,1
document,1
signature,1
Everybody's,1
shame,1
Abul,1
Anitra,1
entire,1
concern,1
genuine,1
crucified,1
Annie,1
Say,1
Pray,1
repent,1
resurrected,1
servant,1
slave,1
Margie,1
Henry,1
Whatever,1
cost,1
Whenever,1
Mama's,1
Satan,1
assure,1
Spoken,1
anticipated,1
recite,1
Testament,1
Luke's,1
1st,1
Corinthians,1
anticipation,1
fulfill,1
available,1
appear,1
falling,1
irreversible,1
Patty,1
expressing,1
replace,1
despicable,1
thing's,1
bestow,1
Patricia,1
obtain,1
Wardens,1
ahh,1
educated,1
tables,1
scene,1
guarantee,1
fixin,1
everybody's,1
permission,1
background,1
Wherefore,1
figure,1
Verbal,1
chant,1
proving,1
acknowledged,1
fruit,1
judgments,1
definitely,1
sick,1
afraid,1
dreaming,1
stole,1
alcohol,1
Precious,1
treasure,1
madness,1
trade,1
Mark,1
Fredericks,1
health,1
debt,1
rebate,1
refund,1
Gloria,1
Kami,1
Appreciate,1
Alison,1
Strength,1
Shawn,1
Edwin,1
ambitions,1
chose,1
satisfied,1
negative,1
acknowledging,1
most,1
complaints,1
regrets,1
doubts,1
zero,1
symptom,1
bigger,1
illness,1
destroy,1
countries,1
ongoing,1
embargo,1
sanctions,1
Iran,1
Iraq,1
Cuba,1
harming,1
Perhaps,1
environment,1
devastating,1
direction,1
result,1
planet,1
struggling,1
existent,1
institution,1
institutions,1
Observer,1
they've,1
informed,1
specially,1
Hawthorn's,1
based,1
floor,1
recent,1
comments,1
spin,1
re,1
trial's,1
unforgivable,1
account,1
tennis,1
shoes,1
verify,1
accountable,1
except,1
doodle,1
bug,1
outlining,1
Youth,1
Authority,1
pin,1
reformatory,1
schools,1
penitentiary,1
create,1
monsters,1
Isabel,1
Early,1
morning,1
rise,1
Thee,1
Merciful,1
sea,1
debtors,1
Lead,1
Thine,1
Yoli,1
German,1
Menic,1
schone,1
prizessin,1
Du,1
list,1
herz,1
seele,1
rind,1
ich,1
liele,1
dich,1
sehm,1
Translation,1
causing,1
Bruce,1
instrumental,1
Lang,1
weeks,1
donating,1
science,1
parts,1
closing,1
cowboys,1
thirty,1
ATW,1
amigos,1
Lynn,1
faces,1
Penal,1
Code,1
remuneration,1
alleged,1
Sims,1
cough,1
Elijah,1
Though,1
speed,1
Remain,1
ocean,1
consciousness,1
lips,1
mankind,1
Catharina,1
deepest,1
manner,1
issue,1
sit,1
looked,1
desired,1
released,1
Release,1
setting,1
Miguel,1
Leslie,1
Javier,1
Cruz,1
learning,1
Little,1
squashed,1
Est,1
Sularus,1
Oth,1
Mithas,1
Honor,1
service,1
Too,1
shortly,1
conversion,1
apologies,1
ancestors,1
Baggett,1
speech,1
surviving,1
spite,1
circumstances,1
separated,1
humans,1
separates,1
groups,1
build,1
remembered,1
closeness,1
using,1
offered,1
sun,1
sentences,1
veterans,1
lord,1
pals,1
Camille,1
Tilling,1
Jo,1
Rita,1
Sweet,1
inexcusable,1
mentally,1
individual,1
worthwhile,1
Save,1
Find,1
small,1
sacrifice,1
wealth,1
key,1
lays,1
hears,1
Fielder,1
encourage,1
Eden,1
proof,1
Hodges,1
listened,1
returned,1
Kinnamon,1
evidently,1
mike,1
Lords,1
Kings,1
secure,1
purely,1
wholeheartedly,1
wished,1
Carthy,1
regarding,1
mishap,1
Iris,1
Siff,1
unintentional,1
discomfort,1
determine,1
drawn,1
energy,1
disciple,1
rescued,1
wretched,1
Ireland,1
Certainly,1
instrument,1
devoted,1
Winn,1
breathe,1
Merka,1
plead,1
Jim,1
Peterson,1
staying,1
High,1
Flight,1
aviation,1
room,1
Thanked,1
bitches,1
seemed,1
Lock,1
load,1
lasted,1
thanked,1
Start,1
rolling,1
lsquo,1
copy,1
proclaim,1
Howard,1
Otis,1
Everyone,1
cool,1
entered,1
chamber,1
recited,1
supreme,1
J,1
Laurie,1
Wheat,1
transgressions,1
Sanders,1
Blow,1
thirteen,1
year,1
handcuffed,1
drowned,1
Jose,1
Campo,1
Torres,1
threw,1
river,1
America's,1
Mexican's,1
suspended,1
probation,1
murderer,1
tie,1
stretcher,1
anybody's,1
door,1
murderers,1
truthfulness,1
Allow,1
flow,1
showered,1
replied,1
witches,1
burned,1
stake,1
Levin's,1
drive,1
Bass,1
Powell,1
Then,1
coughed,1
transpire,1
However,1
errors,1
Therefore,1
Also,1
respectively,1
undying,1
Ronald,1
P,1
S,1
During,1
personnel,1