word,frequency
love,640
family,280
know,276
thank,253
sorry,219
want,199
would,191
god,187
like,182
say,158
i'm,149
lord,137
life,130
forgive,128
hope,121
going,120
tell,116
see,110
people,110
take,109
yes,108
one,107
peace,103
warden,99
jesus,96
give,89
ya'll,87
done,86
y'all,83
ready,82
death,81
strong,81
ask,81
that's,81
go,79
keep,79
heart,74
father,73
everybody,67
get,67
pain,67
us,65
man,63
find,62
right,61
friends,60
let,60
home,59
years,58
stay,57
come,57
please,56
care,55
christ,54
pray,54
time,52
back,52
forgiveness,52
got,52
always,49
never,49
caused,49
everything,47
nothing,45
may,45
could,45
much,44
sir,44
mom,43
innocent,43
i'll,43
everyone,42
first,42
make,42
bless,42
way,42
can't,42
support,41
i've,40
apologize,40
good,40
loved,39
world,39
lot,38
heaven,38
row,37
day,36
continue,35
tonight,34
still,34
things,33
said,32
must,32
sister,32
really,31
wish,31
today,31
son,31
something,30
mr,30
mother,28
thing,28
happened,28
hate,27
anything,27
well,27
last,27
think,27
wrong,27
hurt,26
thanks,26
murder,26
name,26
thy,26
spirit,26
help,26
allah,26
brother,26
kill,26
statement,26
brothers,26
appreciate,25
look,25
made,25
texas,25
ever,25
feel,25
truth,24
holy,24
justice,24
need,24
mercy,24
truly,24
put,24
understand,24
place,24
alright,23
every,23
long,23
victim's,23
wanted,23
better,23
ones,22
goodbye,22
guys,22
sins,22
live,22
believe,22
hold,21
told,21
k,21
closure,21
soul,20
praise,20
side,20
kids,20
best,20
move,20
ah,20
killing,20
even,20
free,19
crime,19
stop,19
else,19
amen,19
also,19
die,19
gonna,19
john,19
bring,19
let's,19
many,18
mean,18
anyone,18
remember,18
hearts,18
happy,18
irene,18
part,18
coming,18
state,17
witness,17
killed,17
words,17
strength,17
head,17
wife,17
change,17
leave,17
talk,17
sure,17
trial,16
happening,16
person,16
dad,16
okay,16
end,16
beautiful,16
real,16
heads,16
though,16
house,15
anybody,15
bye,15
black,15
jack,15
suffering,15
forward,15
baby,15
shall,15
thought,15
gave,15
evil,15
fight,15
without,15
momma,15
system,15
two,15
call,15
ms,15
little,15
mama,14
brought,14
children,14
forgiven,14
waiting,14
great,14
took,14
court,14
faith,14
earth,14
daughter,14
letter,14
hear,14
days,14
friend,14
chance,13
reason,13
mad,13
power,13
asked,13
goes,13
point,13
america,13
ain't,13
given,13
forever,13
loving,12
deserve,12
taking,12
comfort,12
died,12
together,12
saying,12
fear,12
lost,12
bad,12
police,12
standing,12
thou,12
ahead,11
work,11
ago,11
blessing,11
execution,11
lie,11
eyes,11
commit,11
rest,11
walk,11
written,11
happen,11
three,11
address,11
someone,11
penalty,11
lynching,11
mine,11
later,11
forget,11
lives,11
mrs,10
worry,10
ok,10
learn,10
another,10
face,10
show,10
helped,10
nobody,10
someday,10
past,10
shown,10
guess,10
glory,10
none,10
knows,10
kingdom,10
showed,10
cannot,10
able,10
left,10
mistake,10
i'd,10
loves,10
came,10
extend,9
meant,9
oh,9
cry,9
almighty,9
god's,9
country,9
hands,9
around,9
yall,9
carry,9
human,9
grace,9
hellip,9
stand,9
prison,9
giving,9
hard,9
sisters,9
brings,9
mary,9
there's,9
looking,9
knew,9
parents,9
gone,9
prayer,9
taken,9
officer,9
fine,8
somebody,8
supporters,8
evidence,8
away,8
big,8
chaplain,8
supported,8
shot,8
friendship,8
use,8
promise,8
watch,8
mistakes,8
behind,8
bitterness,8
body,8
we're,8
cause,8
heavenly,8
went,8
kathy,8
honor,8
wonderful,8
return,8
donna,8
loss,8
called,8
precious,8
toward,8
miss,8
soon,8
art,8
merciful,8
officers,8
james,8
respect,8
struggle,8
unto,7
attorneys,7
anger,7
sleep,7
families,7
surely,7
putting,7
society,7
accept,7
blessed,7
situation,7
dearly,7
marching,7
supporting,7
save,7
michael,7
angry,7
mexico,7
david,7
committed,7
finished,7
touch,7
spanish,7
freedom,7
american,7
next,7
prove,7
lawyers,7
case,7
trying,7
bear,7
attorney,7
matter,7
send,7
whole,7
happiness,7
kind,7
upon,7
times,7
confess,7
night,7
bobby,7
paid,7
saved,7
grief,7
innocence,7
unintelligible,7
law,7
sentence,7
men,7
sake,7
actions,6
means,6
yet,6
witnesses,6
boswell,6
follow,6
sin,6
daddy,6
fighting,6
hurting,6
ways,6
responsibility,6
lead,6
boy,6
beside,6
start,6
walsh,6
supposed,6
ya,6
fixing,6
deliver,6
future,6
watching,6
ride,6
meet,6
sorrow,6
yeah,6
convicted,6
praying,6
dying,6
moment,6
changed,6
unit,6
nice,6
forgotten,6
special,6
telling,6
polunsky,6
proud,6
used,6
dead,6
dear,6
crying,6
raised,6
especially,6
hell,6
defense,6
probably,6
king,6
glad,6
executed,6
church,6
reach,6
opportunity,6
remorse,6
present,6
makes,6
wrote,6
stuff,6
guilty,6
mind,6
members,6
gun,6
enemies,6
lay,6
victims,6
salvation,6
needs,6
involved,5
murdering,5
forced,5
moratorium,5
due,5
realize,5
press,5
try,5
showing,5
listen,5
leadeth,5
shepherd,5
light,5
1,5
tragedy,5
others,5
hatred,5
10,5
mike,5
wake,5
hey,5
thats,5
full,5
west,5
aunt,5
seek,5
daily,5
tried,5
asking,5
final,5
girl,5
allow,5
stopped,5
um,5
uh,5
keeping,5
presence,5
beat,5
bread,5
lied,5
talking,5
prophet,5
danny,5
bury,5
sad,5
capital,5
job,5
cases,5
dna,5
temptation,5
already,5
wall,5
public,5
waters,5
price,5
smile,5
child,5
blame,5
worth,5
new,5
stood,5
responsible,5
thomas,5
living,5
locked,5
self,5
folks,5
happens,5
spiritual,5
media,5
chris,5
true,5
gain,5
victory,5
green,5
record,5
savior,5
since,5
prayers,5
english,5
daughters,5
prayed,5
drug,5
takes,5
whatever,5
helping,5
receive,5
supreme,4
alone,4
shoot,4
hallowed,4
shadow,4
dwell,4
profanity,4
born,4
yea,4
runneth,4
adams,4
nieces,4
injustice,4
journey,4
tears,4
angel,4
found,4
express,4
disappointed,4
process,4
fact,4
sooner,4
veins,4
taste,4
car,4
what's,4
names,4
prosecutor,4
spoke,4
roll,4
necessary,4
dungeon,4
singing,4
protect,4
regret,4
set,4
trouble,4
says,4
richard,4
turned,4
robert,4
high,4
beyond,4
helps,4
they've,4
eardmann,4
chief,4
table,4
wait,4
divine,4
carlos,4
gary,4
testimony,4
pinkerton,4
paths,4
cousins,4
phone,4
cox,4
received,4
animosity,4
upset,4
enough,4
rights,4
getting,4
genocide,4
romans,4
joe,4
young,4
thinking,4
belong,4
sinner,4
personal,4
forgives,4
gomez,4
deal,4
minutes,4
sylvia,4
cold,4
dog,4
heard,4
known,4
gets,4
cup,4
laura,4
shed,4
gotta,4
pay,4
proceed,4
gives,4
short,4
oil,4
gene,4
goodness,4
wilcox,4
preparest,4
hallelujah,4
cross,4
throughout,4
pastures,4
judge,4
charge,4
valley,4
suffered,4
thine,4
nephews,4
suffer,4
began,4
turn,4
word,4
uncle,4
shine,4
careful,4
video,4
whiteside,4
towards,4
needed,4
hello,4
act,4
road,4
rosalyn,4
lived,4
veronica,4
paul,4
met,4
liberation,4
miracle,4
victim,4
along,3
feelings,3
california,3
connie,3
wants,3
within,3
greatest,3
altered,3
beginning,3
tight,3
saddened,3
hand,3
hang,3
hero,3
sinners,3
trespass,3
completely,3
islam,3
mitchell,3
win,3
solace,3
apology,3
linda,3
ran,3
pam,3
broke,3
damn,3
second,3
march,3
remain,3
rebecca,3
staff,3
bringing,3
seeing,3
susan,3
faithful,3
least,3
suicide,3
11,3
16,3
provided,3
eye,3
thankful,3
inmates,3
restoreth,3
fought,3
hour,3
feels,3
kept,3
3,3
jackson,3
poem,3
transition,3
demand,3
sky,3
file,3
wrongs,3
mourn,3
2,3
tdcj,3
voice,3
seem,3
humanity,3
truck,3
type,3
close,3
sending,3
appeals,3
hi,3
deep,3
brad,3
blooded,3
grateful,3
heartache,3
open,3
williams,3
name's,3
making,3
choices,3
breath,3
rock,3
robin,3
sweet,3
treat,3
guilt,3
pass,3
avenged,3
morgan,3
24,3
killer,3
become,3
trust,3
anthony,3
message,3
promises,3
returns,3
te,3
mighty,3
christian,3
executions,3
mumbled,3
deeply,3
murdered,3
c,3
lies,3
ros,3
carl,3
fall,3
'cause,3
saw,3
joy,3
lambert,3
michelle,3
alive,3
al,3
johnson,3
line,3
tom,3
clear,3
randy,3
easy,3
facts,3
equal,3
leaving,3
barbara,3
records,3
gladly,3
husband,3
dow,3
touched,3
trespasses,3
hart,3
scott,3
bro,3
might,3
comes,3
100,3
forgiving,3
worked,3
answers,3
judgment,3
although,3
alba,3
bitter,3
leo,3
tapes,3
accepted,3
doreen,3
saving,3
ray,3
different,3
jones,3
pull,3
problems,3
grave,3
poor,3
kim,3
money,3
lift,3
warrior,3
doug,3
lopez,3
fair,3
clayton,3
experience,3
sons,3
hunting,3
counts,3
satisfaction,3
courts,3
hollered,3
ba,3
talked,3
fired,3
gift,3
sides,3
sometime,3
hurts,3
accident,3
hoping,3
ass,3
couple,3
nation,3
family's,3
debbie,3
problem,3
robinson,3
reverend,3
kindness,3
revolution,3
book,3
population,3
important,3
blood,3
community,3
deceased,3
allowed,3
maria,3
letting,3
spent,3
office,3
laws,3
suit,3
several,3
blessings,3
grandmother,3
'em,3
sometimes,3
bed,3
anyway,3
arms,3
speak,3
revenge,3
chapter,3
maketh,3
steve,3
lady,3
behalf,3
dell,3
5,3
race,3
fire,3
pop,3
incident,3
joke,3
started,3
brief,3
bump,3
trinity,3
trigger,3
lawyer,3
jenny,3
bottom,3
anointest,3
smiling,2
they're,2
filled,2
judy,2
dios,2
racist,2
sheila,2
crazy,2
fellowship,2
booger,2
finite,2
filed,2
across,2
loud,2
shooting,2
answer,2
jury,2
fashion,2
worries,2
confessed,2
sharon,2
total,2
reality,2
totally,2
kyle,2
execute,2
numbers,2
bill,2
path,2
hardest,2
affording,2
fix,2
mandela,2
old,2
misery,2
cowboys,2
donovan,2
pleasure,2
graves,2
ashamed,2
foremost,2
voices,2
jane,2
correct,2
nov,2
respected,2
rusty,2
swear,2
joanna,2
sonny,2
rodney,2
grandbabies,2
sincerely,2
hug,2
huh,2
easier,2
we've,2
treated,2
sis,2
lots,2
pat,2
importantly,2
vick,2
robbery,2
bianca,2
wages,2
instead,2
wronged,2
wanting,2
infinite,2
acted,2
personally,2
behold,2
nancy,2
afforded,2
arnott,2
destroyed,2
faking,2
empty,2
horrible,2
sincere,2
newspaper,2
till,2
davis,2
less,2
worst,2
school,2
moments,2
omitted,2
they'll,2
rose,2
ill,2
paradise,2
dixie,2
19,2
13,2
14,2
states,2
drugs,2
harold,2
shots,2
virginia,2
dan,2
remains,2
hollow,2
portion,2
hewitt,2
sign,2
asleep,2
melyssa,2
needle,2
august,2
street,2
shalt,2
andy,2
eternal,2
mason,2
celina,2
letters,2
offer,2
run,2
charles,2
thee,2
possibly,2
allowing,2
we'll,2
understanding,2
emotions,2
whose,2
endure,2
ellis,2
knowledge,2
physically,2
inside,2
webb,2
resolved,2
kenney,2
sanctioned,2
relief,2
dealer,2
father's,2
meeting,2
ideals,2
song,2
error,2
cherish,2
ground,2
instances,2
laugh,2
frustration,2
gates,2
arrival,2
all's,2
paying,2
shout,2
bob,2
aka,2
hernandez,2
single,2
nephew,2
adam,2
mumbling,2
celebrate,2
dr,2
executing,2
jennifer,2
hawthorn,2
criminal,2
texans,2
stone,2
allah's,2
begin,2
grant,2
actually,2
sherrod,2
disappoint,2
rangers,2
wishes,2
decisions,2
affected,2
gotten,2
mexican,2
invite,2
politicians,2
officials,2
fixed,2
25,2
courtesy,2
whoever,2
county,2
grudges,2
walls,2
pen,2
compared,2
desire,2
somewhere,2
hugs,2
bedroom,2
everybody's,2
denied,2
official,2
harris,2
placed,2
amy,2
synnova,2
north,2
woman,2
beings,2
overcome,2
works,2
moreno,2
break,2
surgery,2
speaking,2
sabrina,2
correctly,2
hospitality,2
grandchildren,2
roger,2
gurney,2
check,2
pope,2
thanked,2
courtroom,2
murders,2
punished,2
seven,2
memorize,2
african,2
guido,2
grew,2
fell,2
devil,2
dope,2
hearted,2
kills,2
6,2
revolutionary,2
river,2
explain,2
imagine,2
stronger,2
whether,2
changes,2
martin,2
everlasting,2
megan,2
example,2
jennie,2
particular,2
owe,2
harder,2
flesh,2
8,2
biggest,2
maurie,2
parent,2
beatitudes,2
falsified,2
clean,2
fake,2
throne,2
yolanda,2
arguments,2
atrocity,2
tommy,2
involvement,2
thirteen,2
carrying,2
east,2
stuck,2
ministry,2
allison,2
physical,2
sandy,2
learned,2
dawn,2
agree,2
offended,2
prevail,2
white,2
despite,2
owed,2
doubt,2
forgave,2
outrage,2
rhodes,2
dishonor,2
sara,2
roxanne,2
pump,2
conviction,2
government,2
uphold,2
understood,2
neither,2
lose,2
fo',2
fabricated,2
view,2
refuse,2
approach,2
compassion,2
control,2
unfortunate,2
amber,2
victorious,2
chantal,2
brent,2
saint,2
united,2
ronnie,2
difference,2
losing,2
ernest,2
unites,2
violent,2
taylor,2
decision,2
sent,2
kevin,2
mohammed,2
carol,2
sticking,2
he's,2
girls,2
solve,2
teaching,2
islamic,2
south,2
front,2
irish,2
kin,2
story,2
remorseful,2
tim,2
granted,2
walked,2
surrender,2
fail,2
rosalyn's,2
possible,2
maybe,2
assured,2
disrespect,2
lying,2
policeman,2
unknown,2
quiero,2
kiss,2
places,2
louis,2
rejoice,2
longer,2
greater,2
amp,2
cruel,2
compromise,2
represent,2
fault,2
francis,2
dwight,2
bunch,2
closer,2
neal,2
funeral,2
including,2
teenagers,2
nine,2
30,2
seconds,2
inflicted,2
christina,2
cori,2
sided,2
months,2
maker,2
viva,2
sankofa,2
unconditional,2
becomes,2
test,2
unity,2
admit,2
malice,2
international,2
late,2
read,2
teresa,2
awake,2
unjust,2
disappointment,2
persons,2
destiny,2
remind,2
murderer,2
join,2
leads,2
civilized,2
rod,2
clay,2
fullest,2
corey,2
dust,2
danielle,2
shaka,2
righteousness,2
punish,2
pastor,2
mass,2
parties,2
stefanie,2
pretty,2
presented,2
beg,2
poison,2
renee,2
quit,2
district,2
where's,2
remunerator,2
guy,2
attorney's,2
article,2
half,2
babies,2
charged,2
dignity,2
fellows,2
streets,2
queen,2
ashlee,2
brenda,2
anne,2
who's,2
expressed,2
eyed,2
matters,2
mankind,2
stupidity,2
graham,2
1991,2
deserved,2
play,2
minister,2
patience,2
betty,2
mi,2
monster,2
thoughts,2
doctor,2
serious,2
leaders,2
testify,2
adios,2
command,2
form,2
dianne,2
exposed,2
lord's,2
violence,2
cover,2
endured,2
marcus,2
daniel,2
princess,2
bullet,2
punishment,2
houston,2
memories,2
order,2
moving,2
sean,2
seat,2
certain,1
personnel,1
deepest,1
willing,1
magnificent,1
preach,1
renge,1
wheat,1
adela,1
results,1
fast,1
switch,1
sequence,1
soiling,1
trade,1
caller,1
remembering,1
alaikum,1
wearing,1
edgardo,1
individually,1
fulfill,1
blackie,1
israel,1
discomfort,1
investigators,1
billy,1
almost,1
facetious,1
donating,1
energy,1
separation,1
mithas,1
afraid,1
serve,1
proof,1
seeking,1
gracias,1
conscience,1
famly,1
isolated,1
cab,1
england,1
document,1
grumah,1
wonder,1
bounce,1
praises,1
realizing,1
molest,1
hopelessness,1
returned,1
sanctions,1
legendary,1
unprovoked,1
writing,1
bryant,1
awe,1
kelly,1
7,1
outlaw,1
authority,1
strange,1
separates,1
directed,1
27th,1
knees,1
formely,1
crack,1
dwells,1
margie,1
determine,1
exonerated,1
lambert's,1
gloria,1
jamie,1
sularus,1
purely,1
service,1
du,1
terms,1
edie,1
hazelwood,1
code,1
scooter,1
debtors,1
moral,1
recent,1
felt,1
gigi,1
rosales,1
aubrey,1
choosing,1
slate,1
obscure,1
ball,1
rise,1
witnessed,1
weeks,1
bros,1
learning,1
humans,1
acts,1
terrifying,1
indignity,1
debra,1
gracie,1
resident,1
alcohol,1
falling,1
alot,1
career,1
throat,1
celebrating,1
herz,1
annie,1
singh,1
promised,1
herb,1
begins,1
shower,1
yields,1
pepper,1
non,1
buster,1
kristy,1
trial's,1
terrible,1
terribly,1
nelson,1
respectively,1
whenever,1
creating,1
murderers,1
liberate,1
verbal,1
thin,1
setting,1
neckbone,1
fingers,1
entire,1
jermaine,1
chaplains,1
drawn,1
shane,1
ruiz,1
fred,1
listed,1
direction,1
corinthians,1
mishap,1
arresting,1
french,1
leary,1
decir,1
pure,1
diaper,1
forgiver,1
overcame,1
picked,1
printed,1
ache,1
pursuing,1
psalm,1
amenia,1
hun,1
gerard,1
vein,1
mijta,1
entered,1
sit,1
nuncio,1
hair,1
mija,1
adonya,1
determined,1
share,1
leslie,1
desperately,1
chronicle,1
sat,1
trooper,1
elizabeth,1
conflict,1
finds,1
ich,1
spark,1
shirt,1
federal,1
tilling,1
dawson,1
shore,1
devastating,1
doubts,1
rolling,1
regards,1
foster,1
elliot,1
mouth,1
imagined,1
sputnick,1
tact,1
mid,1
siff,1
wrongfully,1
gabby,1
starting,1
believes,1
brandon,1
conversion,1
detes,1
erased,1
dancing,1
believed,1
powell,1
golden,1
countries,1
gained,1
chops,1
blackwell,1
gaines,1
chose,1
wanda,1
closing,1
prizessin,1
squashed,1
result,1
slayton,1
anitra,1
e,1
hawkings',1
legal,1
qualified,1
drove,1
suspended,1
calvary,1
knowingly,1
methadone,1
specific,1
peoples',1
courage,1
beer,1
except,1
harming,1
denial,1
describe,1
cullen,1
affecting,1
participating,1
revealed,1
uhl,1
breed,1
kinnamon,1
cca,1
shy,1
active,1
truely,1
wealth,1
respond,1
winn,1
gilbert,1
barbados,1
wins,1
kinslow,1
worse,1
p,1
aleda,1
downtown,1
est,1
cuida,1
concern,1
perkins,1
bit,1
plead,1
travesties,1
safe,1
opened,1
lorrell,1
sound,1
moon,1
jason,1
amazing,1
meal,1
circumstances,1
fellas,1
bickering,1
smaillii,1
18,1
12,1
15,1
idle,1
blow,1
institution,1
angelic,1
related,1
expressing,1
professionalism,1
showered,1
mario's,1
properly,1
cancellation,1
heros,1
alike,1
hawkins,1
cathy,1
suppose,1
ambitions,1
babe,1
barker,1
joann,1
hines,1
committing,1
deeds,1
5th,1
satisfied,1
mumbles,1
liele,1
affection,1
tells,1
graciously,1
mayor,1
victims',1
candle,1
potential,1
'll,1
fathers,1
holiness,1
illness,1
scene,1
sun,1
stunt,1
mess,1
pauses,1
hide,1
laid,1
hef,1
president,1
peaceful,1
butt,1
interviews,1
anybody's,1
sanchez's,1
christians,1
ii,1
unwavering,1
convict,1
gray,1
shoe,1
miguel,1
irreversible,1
terella,1
instrument,1
globe,1
solidarity,1
reviewed,1
tables,1
beating,1
protection,1
mansion,1
greatly,1
tribe,1
proving,1
kinda,1
door,1
efforts,1
christi,1
five,1
enjoyed,1
positive,1
sharpton,1
marissa,1
safer,1
played,1
enlightenment,1
deceive,1
servant,1
greer,1
kaneisha,1
samantha,1
saddam,1
gabrielle,1
devoted,1
uncles,1
tresspasses,1
sarah,1
devin,1
zena,1
1983,1
packed,1
em,1
09,1
iam,1
invited,1
01,1
raise,1
kay,1
imperfections,1
seemed,1
flight,1
prize,1
course,1
monsters,1
gabriel's,1
resurrected,1
added,1
schone,1
looked,1
wynona,1
lent,1
lovely,1
fredericks,1
fro,1
religion,1
abel,1
temple,1
defenseless,1
2008,1
therefore,1
issue,1
encourage,1
departure,1
chances,1
drive,1
yoli,1
boys,1
howard,1
daffy,1
kaye,1
cheri,1
diamonds,1
sea,1
security,1
walking,1
seen,1
reprieve,1
void,1
luise,1
verify,1
passed,1
teach,1
client,1
melissa,1
foundations,1
varghese,1
johnny,1
dich,1
x,1
member's,1
pictures,1
motives,1
outlining,1
treasure,1
undertaker,1
pin,1
december,1
using,1
awesome,1
building,1
tina,1
diligence,1
josh,1
o'bryan,1
burns,1
iris,1
doodle,1
eve,1
jesse,1
vicente,1
cadena,1
cindy,1
otis,1
jim,1
chicken,1
torn,1
germany,1
evelyn,1
priceless,1
contact,1
audrey's,1
dyson,1
damned,1
rebecca's,1
deidra,1
jung,1
june,1
believeth,1
catacombs,1
shame,1
simmons,1
bitches,1
wesley,1
nectar,1
mandas,1
darkness,1
soldier,1
director,1
myoho,1
tennis,1
reacted,1
restraints,1
disciple,1
stabbed,1
raiders,1
event,1
comforted,1
papa,1
1993,1
celeste,1
earlier,1
hopefully,1
catharina,1
forefathers,1
35,1
36,1
performing,1
nourish,1
yaws,1
clemency,1
waste,1
franciscan,1
hodges,1
intended,1
representing,1
tomorrow,1
repentant,1
inflict,1
steinfeldt,1
unjustly,1
mothers,1
chuckie,1
perhaps,1
hurry,1
shelby,1
tracey,1
worrying,1
countless,1
desired,1
universe,1
sets,1
popsicle,1
enable,1
translation,1
pork,1
melanie,1
thirty,1
permission,1
nicholas,1
becca,1
misled,1
beginnings,1
souls,1
familia,1
sister's,1
admitted,1
kate,1
continued,1
judgement,1
guidance,1
temporary,1
gods,1
santajaib,1
negative,1
dealers,1
reeves,1
carolyn,1
arguing,1
earl,1
beth,1
charlie,1
dana,1
difficult,1
katherine,1
holmes,1
nashtat,1
sammie,1
grand,1
broken,1
shay,1
complaints,1
helen,1
shineth,1
sanchez,1
ect,1
judgments,1
fixin',1
bea,1
kent,1
segal,1
wretched,1
fran,1
defeats,1
flag,1
lethal,1
matt,1
kings,1
20,1
failed,1
coughed,1
wrath,1
paper,1
lorna,1
wished,1
peter,1
isabel,1
nutt,1
separated,1
secure,1
thier,1
lips,1
signature,1
23,1
jessica,1
dre,1
listening,1
replied,1
woman's,1
wilson,1
corpus,1
ironic,1
repent,1
tolson,1
ireland,1
barbarity,1
lack,1
laurie,1
stepping,1
memory,1
felicia,1
search,1
incarceration,1
wendy's,1
hawthorn's,1
hired,1
annette,1
shackles,1
poet,1
york,1
suppressed,1
spade,1
victor,1
hanging,1
gomorrah,1
peg,1
o'brien,1
reflex,1
claimed,1
toby,1
atw,1
overplayed,1
require,1
probation,1
actively,1
knives,1
pastors,1
chong,1
protested,1
planting,1
flake,1
diana,1
ricky,1
caring,1
ware,1
ward,1
stephanie,1
warm,1
illegally,1
advisor,1
didmau,1
kerstin,1
century,1
judges,1
straight,1
worthy,1
thousand,1
dogs,1
sims,1
ji,1
calmness,1
glorious,1
jr,1
loose,1
acknowledging,1
peterson,1
jurors,1
list,1
finish,1
jerry,1
ya'lls,1
andre,1
anticipated,1
peterson's,1
demonstrate,1
junie,1
tests,1
amended,1
hector,1
grass,1
lesson,1
counseling,1
fourteen,1
sentiment,1
aid,1
institutions,1
cynthia,1
stole,1
quarter,1
hurley,1
monkey,1
mary's,1
vocabulary,1
year,1
patty,1
jagger,1
period,1
truthfully,1
v,1
overlooks,1
vengeance,1
bruno,1
immaturity,1
stops,1
heals,1
available,1
ups,1
fruit,1
cell,1
recited,1
injury,1
mucho,1
sanders,1
patrick,1
satan,1
forest,1
guaranteed,1
anderson,1
observer,1
chiquita,1
appointed,1
abul,1
speakers,1
ieisha,1
embargo,1
ashanti,1
assure,1
cheated,1
conclusion,1
hall,1
iran,1
masters,1
bothering,1
healing,1
cleanse,1
youth,1
assigned,1
ayers,1
unable,1
tomas,1
ocean,1
guiding,1
prechtl,1
verse,1
sick,1
oth,1
stretcher,1
third,1
strapped,1
conspiracy,1
enjoied,1
cleve,1
instrumental,1
invested,1
slumber,1
purposely,1
headed,1
hit,1
reed,1
cowboy,1
lang,1
sell,1
remembers,1
lasted,1
modina,1
ear,1
180,1
9,1
gas,1
manner,1
softened,1
burn,1
certainly,1
wondering,1
dutton,1
plenty,1
protest,1
asthma,1
shannon,1
armando,1
recite,1
fantasy,1
danalyn,1
calmed,1
peters,1
b,1
ahh,1
pulled,1
affect,1
overwhelming,1
eight,1
extended,1
matched,1
yahweh,1
levin's,1
angelo,1
famous,1
wishing,1
marcy,1
write,1
joseph's,1
wedding,1
definitely,1
town,1
create,1
pact,1
slick,1
luke's,1
rita,1
confession,1
guided,1
thick,1
1st,1
nuns,1
dirty,1
health,1
educated,1
replace,1
fort,1
patterns,1
blesses,1
report,1
translating,1
ongoing,1
celia,1
noemi,1
burned,1
ancestors,1
war,1
miscarriage,1
willy,1
tradition,1
lynn,1
06,1
koslow,1
baggett,1
kitten,1
honored,1
pit,1
eloise,1
cast,1
brandy,1
dreamed,1
delia,1
obey,1
stings,1
accountable,1
unfair,1
shedding,1
contradict,1
jesus',1
visits,1
sincerity,1
juanita,1
tito,1
selso,1
kick,1
condition,1
walter,1
surviving,1
unrighteousness,1
sinned,1
era,1
otherwise,1
walt,1
science,1
unrestrained,1
sold,1
lovel,1
america's,1
shawn,1
noticed,1
reserve,1
ailsa,1
destruct,1
muhammd,1
chiara,1
rescued,1
conna,1
margherita,1
veronica's,1
cigarette,1
clown,1
harbor,1
aunts,1
michigan,1
lifetime,1
holder,1
acknowledge,1
carrie,1
existing,1
cough,1
farren,1
righeousness,1
background,1
intention,1
wright,1
hayden,1
owen,1
offender,1
torres,1
rebate,1
account,1
solid,1
recognize,1
pals,1
intentionally,1
maintain,1
rush,1
small,1
investigator,1
nadia,1
performed,1
specially,1
publicly,1
damien,1
excuse,1
refund,1
deaf,1
lsquo,1
menic,1
cutler,1
devastated,1
jefe,1
tiffany,1
consulado,1
wherefore,1
trespassed,1
reformatory,1
repay,1
calling,1
speed,1
chant,1
cheap,1
cut,1
slope,1
early,1
shoes,1
youngster,1
harm,1
hollbrook,1
kira,1
jumped,1
threats,1
crushed,1
closed,1
threw,1
dude,1
luther,1
simple,1
prosecutors,1
simply,1
unintentional,1
chump,1
grandfather,1
fabrication,1
shows,1
held,1
skains,1
'75,1
ones',1
copy,1
'79,1
battle,1
deena,1
fielder,1
trunk,1
spoken,1
lee,1
leg,1
extending,1
howdy,1
5'7,1
mo,1
became,1
woods,1
resounding,1
sheri,1
malcom,1
everytime,1
taught,1
testament,1
figure,1
sentences,1
tannie,1
existent,1
attitude,1
deter,1
damien's,1
levi,1
cuba,1
favor,1
speech,1
caught,1
granny,1
galloway,1
headphones,1
documents,1
khristopher,1
dad's,1
deliberately,1
club,1
premeditation,1
staying,1
hears,1
ann,1
remuneration,1
resistance,1
transgressions,1
events,1
frank,1
mia,1
mic,1
unforgivesness,1
knowing,1
sing,1
track,1
chooses,1
ursula,1
penitentiary,1
milo,1
professed,1
slaughter,1
excuses,1
intend,1
kid,1
tie,1
mexican's,1
justin,1
angela,1
bigger,1
arrested,1
rip,1
central,1
restores,1
lopes,1
terrfying,1
chains,1
dismiss,1
planet,1
ancient,1
edwin,1
constitution,1
guarantee,1
vietnamese,1
scream,1
helgren,1
visit,1
2003,1
ended,1
association,1
doctor's,1
anymore,1
parole,1
darling,1
salaamu,1
lock,1
deadline,1
nervous,1
failing,1
governs,1
merit,1
crouch,1
carrier,1
pa,1
heal,1
bilodeau,1
informed,1
breathe,1
german,1
regarding,1
contigo,1
testified,1
inexcusable,1
groups,1
betrayed,1
d'reehcer,1
collins,1
consequences,1
offered,1
sheet,1
amigos,1
bo,1
claudia,1
nanny,1
endings,1
doors,1
embrace,1
donahue,1
vincent,1
rachel,1
wholeheartedly,1
symptom,1
chimurenga,1
agreeing,1
sacrifice,1
informant,1
fleetwood,1
kjersti,1
eternity,1
mentally,1
larry,1
warmest,1
bible,1
everywhere,1
invoke,1
room,1
following,1
tires,1
belongs,1
javier,1
refused,1
handcuffed,1
tired,1
flow,1
guides,1
systematic,1
paulette,1
released,1
carla,1
cruz,1
goodnight,1
shortly,1
tony,1
individual,1
sandra,1
seele,1
10th,1
remembered,1
jose,1
shut,1
mindful,1
spun,1
choke,1
rapes,1
destroy,1
closet,1
dealt,1
deals,1
step,1
cemetery,1
deception,1
rocky,1
running,1
exist,1
maximum,1
ronald,1
confidence,1
knock,1
bug,1
overseas,1
bathroom,1
commence,1
winthin,1
veterinary,1
dorothy,1
tracy,1
john3,1
softly,1
weigh,1
toes,1
spin,1
hinder,1
christine,1
gold,1
winnie,1
thing's,1
faces,1
faced,1
cort,1
errors,1
heroin,1
filing,1
falicia,1
juana,1
ramiro,1
proclaim,1
speaks,1
unite,1
cdl,1
quiet,1
pammy,1
debt,1
endeavor,1
tammy,1
maggie,1
misguided,1
lords,1
lundy,1
knight,1
mommy,1
grandson,1
respectful,1
attacked,1
eastham,1
tore,1
st,1
turner,1
double,1
wardens,1
younger,1
carma,1
todeschini,1
transpire,1
clash,1
mccarthy,1
schools,1
iii,1
zero,1
morning,1
inmate,1
drowned,1
diarmed,1
brutality,1
kyo,1
sehm,1
alabamos,1
confusion,1
honey,1
beatings,1
gently,1
wes,1
ali,1
christianity,1
brigitta,1
string,1
sadness,1
garza,1
schaeffer,1
polygraph,1
bruce,1
welcome,1
struggling,1
madness,1
rind,1
instill,1
penal,1
minds,1
genuinely,1
dreaming,1
cool,1
sullivan,1
aside,1
herrington,1
emmanuel,1
evidently,1
hearing,1
rallied,1
apologies,1
brian's,1
humphrey,1
watkins,1
cost,1
camille,1
travis,1
thompson,1
shameful,1
faults,1
boss,1
comments,1
anointeth,1
ronni,1
bohannon,1
grandma,1
campo,1
island,1
occasion's,1
ten,1
eric,1
heinous,1
burden,1
merka,1
obtain,1
mchenry,1
load,1
feet,1
however,1
shorty,1
witches,1
doctors,1
luttig,1
embraced,1
crucified,1
anticipation,1
terrell,1
noel,1
recites,1
dance,1
amanda,1
99,1
ending,1
parts,1
incarcerated,1
kindom's,1
party,1
kami,1
todo,1
alleged,1
regretted,1
alcoholic,1
tali,1
iraq,1
videotape,1
relatives,1
aviation,1
lester,1
genuine,1
acknowledged,1
byers,1
dallas,1
lays,1
reputation,1
marsha,1
elijah,1
melodee,1
appear,1
appeal,1
general's,1
peanut,1
grown,1
assalaam,1
settle,1
despicable,1
compelling,1
guajardo,1
closeness,1
based,1
homesick,1
eden,1
environment,1
purpose,1
senseless,1
undying,1
chad,1
alison,1
j,1
arthur,1
rebut,1
persecuted,1
slave,1
veterans,1
volunteered,1
four,1
prays,1
push,1
floor,1
katrina,1
nicole,1
happended,1
shield,1
dolatschko,1
rendered,1
destroying,1
jake,1
rich,1
earline,1
marino's,1
bakers,1
false,1
gus,1
causes,1
claims,1
roland,1
meaning,1
jonesin,1
doris,1
dea,1
ochente,1
todos,1
proceeding,1
mcdougal,1
remaining,1
walks,1
undo,1
build,1
release,1
hot,1
slavery,1
hours,1
debts,1
solitary,1
anna,1
manon,1
joseph,1
needles,1
wiped,1
gong,1
nell,1
misty,1
listened,1
amy's,1
bestow,1
dozen,1
unforgivable,1
plan,1
nam,1
83,1
85,1
powerful,1
dealing,1
felonies,1
espiritu,1
fernandez,1
jay,1
cassandra,1
missing,1
gang,1
twelve,1
pampering,1
avenge,1
causing,1
allen,1
begotten,1
chamber,1
truthfulness,1
wet,1
rule,1
jess,1
driver,1
chelsea,1
circuit,1
commend,1
cpr,1
worthwhile,1
ford,1
whosoever,1
31,1
stake,1
pounds,1
wings,1
screwed,1
bryan,1
mark,1
recovered,1
charlotte,1
crooked,1
request,1
plane,1
timothy,1
39,1
timers,1
christopher,1
por,1
duck,1
charlton,1
messed,1
tree,1
surace,1
jean,1
pillar,1
photo,1
age,1
roseanne,1
mama's,1
patricia,1
key,1
anywhere,1
orlando,1
dispose,1
ken,1
gaylene,1
mohammad,1
steal,1
muchas,1
ashworth,1
yellow,1
justify,1
celebration,1
spite,1
boocub,1
oralia,1
tongues,1
ollie,1
cried,1
member,1
lubbock,1
crimes,1
infamous,1
yard,1
minimum,1
consciousness,1
sort,1
bass,1
marked,1
regrets,1
